{
  "offset": {
    "hip_pitch_offset": 23.00000001490116,
    "pitch_offset": -1.400000011920929,
    "roll_offset": 1.500000000000004,
    "x_offset": 17.0,
    "y_offset": 22.0,
    "yaw_offset": -1.490116097180305e-08,
    "z_offset": 35.0
  },
  "ratio": {
    "arm_swing_gain": -1.490116113833651e-08,
    "backward_hip_comp_ratio": 0.1799001544505361,
    "dsp_comp_ratio": 0.05,
    "dsp_ratio": -0.07199999999999999,
    "foot_accel_ratio": 0.1000000001490117,
    "foot_comp_ratio": 0.6,
    "foot_height": 26.0,
    "forward_hip_comp_ratio": -0.230000003874302,
    "move_accel_ratio": 0.1199999995529652,
    "period_comp_ratio": 0.0,
    "period_time": 650.0,
    "swing_right_left": 0.0,
    "swing_up_down": 0.0
  },
  "length": {
    "thigh_length": 134.0,
    "calf_length": 112.0,
    "ankle_length": 34.0,
    "leg_length": 280.0
  }
}